Forename,Surname,Email,DateOfBirth,IsActive
Oscar,Smith,oscar.smith@example.com,1987-08-09,true
Maya,Griffiths,maya.griffiths@example.com,2001-02-11,true
Callum,Bailey,callum.bailey@example.com,1962-06-08,true
Jack,Bennett,jack.bennett@example.com,1998-02-11,true
Jade,Martin,jade.martin@example.com,1958-08-04,false
Finn,Martin,finn.martin@example.com,1984-03-12,true
Olivia,Fletcher,olivia.fletcher@example.com,1983-02-20,true
Oscar,Robinson,oscar.robinson@example.com,1996-03-25,true
Priya,Price,priya.price@example.com,1985-07-06,true
Sofia,Price,sofia.price@example.com,1998-05-17,false
Isaac,Wright,isaac.wright@example.com,1988-01-27,false
Leah,Jackson,leah.jackson@example.com,1999-06-12,true
Chloe,Lewis,chloe.lewis@example.com,1995-09-09,true
Farah,Taylor,farah.taylor@example.com,1971-12-14,true
Liam,Jackson,liam.jackson@example.com,1951-01-01,true
Farah,Murphy,farah.murphy@example.com,1988-02-23,true
Harry,Jackson,harry.jackson@example.com,1989-07-10,true
Farah,Watson,farah.watson@example.com,1981-09-01,true
Ella,Campbell,ella.campbell@example.com,1989-09-25,true
Kiran,Khan,kiran.khan@example.com,1976-12-05,true
Alice,Walker,alice.walker@example.com,1991-07-16,true
Ben,Thomas,ben.thomas@example.com,1997-01-17,true
Alice,Khan,alice.khan@example.com,1996-06-12,true
Alice,Bennett,alice.bennett@example.com,1995-10-16,true
Zoe,Robinson,zoe.robinson@example.com,1985-10-20,true
Hannah,Lewis,hannah.lewis@example.com,1951-05-03,false
Ben,Martin,ben.martin@example.com,2001-08-24,false
Ben,Khan,ben.khan@example.com,1963-04-21,true
Maya,Begum,maya.begum@example.com,1967-06-11,true
Harry,Hughes,harry.hughes@example.com,1960-02-17,true
Tariq,Robinson,tariq.robinson@example.com,1993-09-14,true
Ben,Williams,ben.williams@example.com,1993-06-05,false
Oscar,Campbell,oscar.campbell@example.com,1974-05-28,true
Sofia,Begum,sofia.begum@example.com,1988-07-12,true
Liam,Martin,liam.martin@example.com,1972-03-12,false
Tariq,Murphy,tariq.murphy@example.com,1958-10-20,true
Alice,Thomas,alice.thomas@example.com,1994-08-04,false
Rhys,Watson,rhys.watson@example.com,1993-03-26,true
Hannah,Campbell,hannah.campbell@example.com,1965-09-25,false
Ana,Green,ana.green@example.com,1992-01-08,true
Thomas,Owen,thomas.owen@example.com,1997-04-27,false
Thomas,Brown,thomas.brown@example.com,1967-12-02,true
Finn,Owen,finn.owen@example.com,1955-01-05,true
Kiran,Harris,kiran.harris@example.com,1953-11-20,true
Callum,Khan,callum.khan@example.com,1981-09-17,true
Kai,Williams,kai.williams@example.com,1952-06-17,false
Kiran,Fletcher,kiran.fletcher@example.com,1982-12-25,true
Kiran,Bailey,kiran.bailey@example.com,2003-06-17,true
Priya,Harris,priya.harris@example.com,1999-01-05,true
Hannah,Lewis,hannah.lewis49@example.com,1978-06-16,true
Tariq,Cooper,tariq.cooper@example.com,1983-03-24,true
Daniel,Begum,daniel.begum@example.com,1999-12-28,false
Ethan,Smith,ethan.smith@example.com,1958-02-11,true
Grace,Hughes,grace.hughes@example.com,1983-04-26,true
Liam,Shah,liam.shah@example.com,1964-08-17,true
Jade,Khan,jade.khan@example.com,1952-10-13,false
Jade,Murphy,jade.murphy@example.com,1990-05-08,true
Niamh,Jackson,niamh.jackson@example.com,2005-06-13,true
Yasmin,Roberts,yasmin.roberts@example.com,1959-03-16,true
Sam,Price,sam.price@example.com,1998-11-06,true
Olivia,Owen,olivia.owen@example.com,1973-02-24,true
Leah,Fletcher,leah.fletcher@example.com,1982-04-21,true
Chloe,Williams,chloe.williams@example.com,1972-02-18,true
Noah,Walker,noah.walker@example.com,1960-04-09,true
Mohammed,Thomas,mohammed.thomas@example.com,1976-07-12,true
Ana,Harris,ana.harris@example.com,1955-04-20,true
Callum,Jackson,callum.jackson@example.com,1989-12-06,false
Amir,Clarke,amir.clarke@example.com,1984-02-14,true
Maya,Begum,maya.begum68@example.com,1993-12-10,true
Olivia,Shah,olivia.shah@example.com,1995-03-07,false
Ben,Begum,ben.begum@example.com,1980-03-24,true
Ana,Campbell,ana.campbell@example.com,1963-09-17,true
Yasmin,Davies,yasmin.davies@example.com,1998-03-18,true
Daniel,Williams,daniel.williams@example.com,1957-08-26,true
Rosie,Hall,rosie.hall@example.com,2000-01-14,true
Dev,Fletcher,dev.fletcher@example.com,1984-08-28,true
Farah,Taylor,farah.taylor76@example.com,2003-11-09,true
Callum,Walker,callum.walker@example.com,1951-03-23,true
Rosie,Griffiths,rosie.griffiths@example.com,2000-06-20,true
Oscar,Williams,oscar.williams@example.com,1964-10-23,true
Dev,Brown,dev.brown@example.com,1984-06-23,true
Zara,Lewis,zara.lewis@example.com,1989-09-23,true
Tariq,Brown,tariq.brown@example.com,1952-07-07,true
Leah,Murphy,leah.murphy@example.com,1974-04-28,false
Oscar,Robinson,oscar.robinson84@example.com,1957-04-10,true
Niamh,Cooper,niamh.cooper@example.com,1991-12-20,true
Leah,Bailey,leah.bailey@example.com,1996-05-14,false
Priya,Thomas,priya.thomas@example.com,1999-07-10,false
Zara,Jones,zara.jones@example.com,1988-01-17,false
Rhys,Robinson,rhys.robinson@example.com,1975-11-21,false
Amir,Shah,amir.shah@example.com,1997-09-24,true
Oscar,Edwards,oscar.edwards@example.com,2005-10-11,true
Mohammed,Walker,mohammed.walker@example.com,1973-08-28,false
Jade,Wright,jade.wright@example.com,1993-09-01,true
Kai,Patel,kai.patel@example.com,1956-03-12,true
Kai,Ahmed,kai.ahmed@example.com,1990-11-02,false
Ana,Robinson,ana.robinson@example.com,1959-07-07,true
Ben,Wright,ben.wright@example.com,1958-10-28,true
Jade,Fletcher,jade.fletcher@example.com,2003-01-07,true
Sofia,Watson,sofia.watson@example.com,1965-06-07,true
Chloe,Edwards,chloe.edwards@example.com,1954-06-27,false
Mohammed,Wright,mohammed.wright@example.com,1984-12-13,true
Imogen,Clarke,imogen.clarke@example.com,1995-08-10,true
Isaac,Brown,isaac.brown@example.com,2005-09-07,true
Amir,Griffiths,amir.griffiths@example.com,1976-01-07,true
Zoe,Kaur,zoe.kaur@example.com,1965-05-17,true
Isaac,Bennett,isaac.bennett@example.com,1998-06-18,true
Bethany,Cooper,bethany.cooper@example.com,1963-12-13,true
Finn,Robinson,finn.robinson@example.com,1959-05-16,true
Finn,James,finn.james@example.com,1964-01-15,true
Mohammed,Thomas,mohammed.thomas110@example.com,1976-12-11,false
Olivia,Evans,olivia.evans@example.com,2003-01-06,true
Rosie,Campbell,rosie.campbell@example.com,1979-05-17,true
Zara,Roberts,zara.roberts@example.com,1994-06-07,true
Oscar,Robinson,oscar.robinson114@example.com,1979-02-19,true
Kiran,Owen,kiran.owen@example.com,1963-11-03,true
Callum,Evans,callum.evans@example.com,1985-06-27,true
Rosie,Morgan,rosie.morgan@example.com,1968-07-22,true
Chloe,Price,chloe.price@example.com,1958-05-20,true
Thomas,Edwards,thomas.edwards@example.com,1982-12-08,false
Tariq,Clarke,tariq.clarke@example.com,1977-07-02,false
Rhys,Williams,rhys.williams@example.com,1987-11-24,true
Leah,Jackson,leah.jackson122@example.com,2001-04-23,false
Sofia,Morgan,sofia.morgan@example.com,1975-10-24,false
Hannah,Price,hannah.price@example.com,1972-10-12,true
Imogen,Patel,imogen.patel@example.com,1958-04-06,true
Jade,Lewis,jade.lewis@example.com,1958-10-17,true
Daniel,Thomas,daniel.thomas@example.com,1999-04-23,true
Mohammed,Watson,mohammed.watson@example.com,1954-08-20,true
Zara,Martin,zara.martin@example.com,1957-05-08,true
Ella,Price,ella.price@example.com,1962-05-27,true
Leah,Bennett,leah.bennett@example.com,1979-07-14,true
Priya,Lewis,priya.lewis@example.com,1971-12-11,true
Thomas,Davies,thomas.davies@example.com,1995-03-15,true
Mohammed,Martin,mohammed.martin@example.com,1975-01-08,false
Niamh,Harris,niamh.harris@example.com,2004-05-06,true
Yasmin,Taylor,yasmin.taylor@example.com,1957-09-25,true
Ben,Morgan,ben.morgan@example.com,1968-10-16,true
Leah,Murphy,leah.murphy138@example.com,2000-04-16,false
Ethan,Cooper,ethan.cooper@example.com,1951-08-19,false
Ana,Jones,ana.jones@example.com,1984-03-17,true
Farah,Green,farah.green@example.com,1967-04-21,true
Amir,Murphy,amir.murphy@example.com,1955-06-27,true
Thomas,Roberts,thomas.roberts@example.com,1992-06-09,true
Thomas,James,thomas.james@example.com,1969-10-04,true
Ella,Hall,ella.hall@example.com,1984-11-02,true
Maya,Campbell,maya.campbell@example.com,1961-07-16,false
Zoe,Kaur,zoe.kaur147@example.com,1955-07-11,true
Noah,Ahmed,noah.ahmed@example.com,1984-07-15,false
Yasmin,Jones,yasmin.jones@example.com,2003-03-02,true
Bethany,Wright,bethany.wright@example.com,1971-02-24,true
Thomas,Clarke,thomas.clarke@example.com,1994-08-05,true
Sofia,Davies,sofia.davies@example.com,2005-05-07,true
Ana,Watson,ana.watson@example.com,1956-08-08,false
Grace,Murphy,grace.murphy@example.com,1981-01-22,true
Hannah,Jackson,hannah.jackson@example.com,1955-03-06,true
Noah,Williams,noah.williams@example.com,2005-08-18,true
Kiran,Thomas,kiran.thomas@example.com,1980-11-13,true
Priya,Campbell,priya.campbell@example.com,1989-06-15,true
Alice,Price,alice.price@example.com,2001-12-15,true
Ella,Harris,ella.harris@example.com,1969-05-12,true
Kiran,Fletcher,kiran.fletcher161@example.com,1986-04-09,false
Ana,Lewis,ana.lewis@example.com,1984-08-21,true
Ana,Hall,ana.hall@example.com,2002-03-15,true
Sam,Green,sam.green@example.com,1980-06-11,true
Thomas,Owen,thomas.owen165@example.com,1999-08-14,true
Noah,Owen,noah.owen@example.com,1978-06-10,true
Sam,Hughes,sam.hughes@example.com,1969-12-25,true
Jade,Green,jade.green@example.com,1962-07-27,false
Daniel,Hughes,daniel.hughes@example.com,1965-06-03,true
Ella,James,ella.james@example.com,1959-06-28,true
Leah,Robinson,leah.robinson@example.com,1966-04-27,true
Leah,Fletcher,leah.fletcher172@example.com,1982-05-26,true
Tariq,Wright,tariq.wright@example.com,1992-02-04,false
Hannah,Jackson,hannah.jackson174@example.com,1973-02-11,true
Farah,Taylor,farah.taylor175@example.com,1987-07-17,true
Sam,Williams,sam.williams@example.com,1958-12-27,true
Finn,Rees,finn.rees@example.com,2004-10-25,true
Farah,Lewis,farah.lewis@example.com,1981-05-13,true
Imogen,Rees,imogen.rees@example.com,1974-11-09,true
Leah,Hall,leah.hall@example.com,1981-11-17,true
Thomas,Kaur,thomas.kaur@example.com,1975-08-04,true
Thomas,Smith,thomas.smith@example.com,1970-04-22,true
Zoe,Bennett,zoe.bennett@example.com,1986-02-09,true
Isaac,Watson,isaac.watson@example.com,1968-05-03,true
Oscar,Griffiths,oscar.griffiths@example.com,1969-12-21,false
Ethan,Taylor,ethan.taylor@example.com,1996-09-12,true
Tariq,Campbell,tariq.campbell@example.com,1990-06-04,true
Maya,Jones,maya.jones@example.com,1950-04-19,true
Jack,Fletcher,jack.fletcher@example.com,1987-05-05,true
Ella,Murphy,ella.murphy@example.com,1988-08-06,true
Noah,Price,noah.price@example.com,2001-12-06,false
Thomas,Jackson,thomas.jackson@example.com,2005-02-12,true
Alice,Jones,alice.jones@example.com,1989-08-28,true
Noah,Harris,noah.harris@example.com,1972-10-13,true
Liam,Smith,liam.smith@example.com,1951-02-23,true
Oscar,Brown,oscar.brown@example.com,1985-11-22,true
Amir,Griffiths,amir.griffiths197@example.com,1993-08-26,false
Zara,Murphy,zara.murphy@example.com,1950-01-09,false
Grace,Khan,grace.khan@example.com,1993-10-27,false
Oscar,Griffiths,oscar.griffiths200@example.com,1991-12-19,true
Noah,Cooper,noah.cooper@example.com,1960-08-09,true
Priya,Davies,priya.davies@example.com,1991-04-13,true
Jade,Khan,jade.khan203@example.com,1973-12-21,false
Dev,Griffiths,dev.griffiths@example.com,1993-06-14,true
Ben,Owen,ben.owen@example.com,1991-12-04,true
Mohammed,James,mohammed.james@example.com,1956-02-19,true
Maya,Wright,maya.wright@example.com,1962-10-13,true
Noah,Green,noah.green@example.com,2000-04-04,true
Rosie,James,rosie.james@example.com,1956-02-26,true
Sofia,Begum,sofia.begum210@example.com,1986-10-14,true
Sofia,Edwards,sofia.edwards@example.com,2005-06-06,true
Yasmin,Jones,yasmin.jones212@example.com,1971-09-02,true
Jade,Owen,jade.owen@example.com,1990-09-20,true
Bethany,Smith,bethany.smith@example.com,2001-03-04,false
Sofia,James,sofia.james@example.com,1962-10-20,false
Chloe,Walker,chloe.walker@example.com,1999-02-17,false
Yasmin,Owen,yasmin.owen@example.com,1959-02-27,false
Zoe,Wright,zoe.wright@example.com,1977-08-16,true
Bethany,Robinson,bethany.robinson@example.com,2001-11-01,true
Thomas,Jackson,thomas.jackson220@example.com,1971-05-10,true
Niamh,Thomas,niamh.thomas@example.com,1977-09-14,true
Maya,Roberts,maya.roberts@example.com,1999-10-24,true
Niamh,Edwards,niamh.edwards@example.com,1986-10-21,true
Dev,Shah,dev.shah@example.com,1988-06-22,false
Jade,Murphy,jade.murphy225@example.com,1990-03-25,true
Kai,Watson,kai.watson@example.com,1996-05-12,false
Yasmin,Jones,yasmin.jones227@example.com,1994-03-10,true
Mohammed,Price,mohammed.price@example.com,1973-01-12,true
Tariq,Lewis,tariq.lewis@example.com,1973-10-22,false
Priya,Jackson,priya.jackson@example.com,1961-06-17,true
Ana,Cooper,ana.cooper@example.com,1972-09-18,true
Finn,Taylor,finn.taylor@example.com,1967-12-11,true
Priya,Shah,priya.shah@example.com,2005-04-10,true
Yasmin,Patel,yasmin.patel@example.com,1978-10-04,true
Noah,Clarke,noah.clarke@example.com,1960-09-07,true
Callum,Roberts,callum.roberts@example.com,1973-12-25,true
Rosie,Smith,rosie.smith@example.com,1984-05-07,true
Zara,Jackson,zara.jackson@example.com,1999-09-07,false
Oscar,Taylor,oscar.taylor@example.com,1964-07-24,true
Isaac,Wright,isaac.wright240@example.com,1971-12-17,true
Rhys,Jones,rhys.jones@example.com,1997-09-01,false
Kiran,Wright,kiran.wright@example.com,2004-06-22,true
Sam,Watson,sam.watson@example.com,2001-07-19,true
Zara,Patel,zara.patel@example.com,1977-03-20,false
Alice,Griffiths,alice.griffiths@example.com,1983-09-03,true
Zara,Ahmed,zara.ahmed@example.com,1959-06-25,true
Imogen,Ahmed,imogen.ahmed@example.com,1989-09-04,false
Sofia,Campbell,sofia.campbell@example.com,1968-08-07,true
Daniel,Cooper,daniel.cooper@example.com,1964-09-06,true
Callum,Morgan,callum.morgan@example.com,1995-01-18,true
Jade,Walker,jade.walker@example.com,1953-04-24,true
Kai,Brown,kai.brown@example.com,1964-07-27,true
Amir,Wright,amir.wright@example.com,1995-02-22,true
Daniel,Walker,daniel.walker@example.com,2004-05-26,true
Oscar,Rees,oscar.rees@example.com,1960-01-10,false
Niamh,Watson,niamh.watson@example.com,1967-02-01,true
Tariq,Owen,tariq.owen@example.com,1953-04-14,true
Callum,Begum,callum.begum@example.com,1959-01-19,true
Thomas,Davies,thomas.davies259@example.com,1983-07-15,true
Niamh,Watson,niamh.watson260@example.com,1992-01-23,true
Jade,Campbell,jade.campbell@example.com,1967-06-22,true
Amir,Harris,amir.harris@example.com,1990-11-07,true
Chloe,Taylor,chloe.taylor@example.com,1969-03-23,true
Sam,Hughes,sam.hughes264@example.com,1995-01-08,true
Daniel,Robinson,daniel.robinson@example.com,1967-09-18,true
Finn,Begum,finn.begum@example.com,1974-03-02,true
Ella,Davies,ella.davies@example.com,1961-09-08,true
Amir,Harris,amir.harris268@example.com,1972-03-15,true
Tariq,Jackson,tariq.jackson@example.com,1988-05-13,true
Rosie,Fletcher,rosie.fletcher@example.com,1951-07-15,true
Isaac,Hughes,isaac.hughes@example.com,1952-08-27,false
Callum,Kaur,callum.kaur@example.com,1971-09-06,false
Sofia,Davies,sofia.davies273@example.com,2005-01-04,true
Ella,Williams,ella.williams@example.com,1972-10-20,false
Chloe,Price,chloe.price275@example.com,1955-06-24,true
Maya,Edwards,maya.edwards@example.com,1993-08-20,true
Maya,Clarke,maya.clarke@example.com,2000-06-28,true
Rhys,Jones,rhys.jones278@example.com,1996-03-23,true
Jade,Taylor,jade.taylor@example.com,1953-10-17,true
Rhys,Walker,rhys.walker@example.com,1996-02-25,true
Isaac,Wright,isaac.wright281@example.com,1964-05-03,true
Tariq,Robinson,tariq.robinson282@example.com,1970-02-28,false
Chloe,Morgan,chloe.morgan@example.com,1953-08-07,false
Amir,Patel,amir.patel@example.com,1956-05-13,true
Farah,Evans,farah.evans@example.com,2004-09-25,true
Ana,Williams,ana.williams@example.com,1955-07-03,false
Maya,Owen,maya.owen@example.com,1999-01-13,true
Ben,Williams,ben.williams288@example.com,1999-07-02,true
Noah,Jones,noah.jones@example.com,1999-12-01,true
Olivia,Owen,olivia.owen290@example.com,1958-09-26,true
Kiran,Clarke,kiran.clarke@example.com,1997-11-01,true
Thomas,Patel,thomas.patel@example.com,1979-07-18,true
Zara,Green,zara.green@example.com,1995-06-24,true
Sam,Walker,sam.walker@example.com,1967-04-27,true
Kiran,Jackson,kiran.jackson@example.com,1965-07-09,true
Farah,James,farah.james@example.com,2002-05-04,true
Noah,Walker,noah.walker297@example.com,1982-04-12,true
Rosie,Jackson,rosie.jackson@example.com,1964-06-18,true
Chloe,Fletcher,chloe.fletcher@example.com,1964-03-04,true
Callum,Griffiths,callum.griffiths@example.com,1955-05-18,true
Sofia,Taylor,sofia.taylor@example.com,2005-07-06,true
Jade,Green,jade.green302@example.com,1960-01-19,true
Yasmin,Khan,yasmin.khan@example.com,1998-07-26,true
Mohammed,Smith,mohammed.smith@example.com,1987-04-22,true
Tariq,Brown,tariq.brown305@example.com,1973-08-19,false
Grace,Williams,grace.williams@example.com,1975-07-02,true
Harry,James,harry.james@example.com,1982-10-14,true
Daniel,Clarke,daniel.clarke@example.com,1983-07-24,true
Liam,Murphy,liam.murphy@example.com,1962-12-09,true
Yasmin,Smith,yasmin.smith@example.com,1959-05-05,true
Rhys,Thomas,rhys.thomas@example.com,1973-10-19,true
Niamh,Clarke,niamh.clarke@example.com,1965-08-22,true
Amir,Evans,amir.evans@example.com,1980-04-24,true
Yasmin,Williams,yasmin.williams@example.com,1984-11-22,true
Zoe,Shah,zoe.shah@example.com,1956-05-08,false
Callum,Hughes,callum.hughes@example.com,2005-11-02,true
Chloe,Harris,chloe.harris@example.com,1966-12-21,true
Ella,Walker,ella.walker@example.com,1966-08-22,true
Jade,Morgan,jade.morgan@example.com,1963-07-09,true
Jack,Thomas,jack.thomas@example.com,1972-04-26,true
Grace,Harris,grace.harris@example.com,1966-06-12,true
Oscar,Edwards,oscar.edwards322@example.com,1959-07-12,true
Rhys,Martin,rhys.martin@example.com,1951-11-02,true
Kai,Owen,kai.owen@example.com,1978-01-01,true
Kiran,Campbell,kiran.campbell@example.com,1989-03-21,true
Olivia,Owen,olivia.owen326@example.com,1990-09-26,true
Zara,Evans,zara.evans@example.com,1988-05-15,true
Ben,Lewis,ben.lewis@example.com,1953-01-06,false
Zoe,Cooper,zoe.cooper@example.com,1950-05-01,true
Alice,Price,alice.price330@example.com,1957-02-17,true
Priya,Ahmed,priya.ahmed@example.com,1981-10-23,true
Dev,Morgan,dev.morgan@example.com,1967-08-08,true
Jade,Williams,jade.williams@example.com,1966-04-03,true
Mohammed,Ahmed,mohammed.ahmed@example.com,1960-11-21,true
Ethan,Lewis,ethan.lewis@example.com,1991-07-08,true
Jack,Khan,jack.khan@example.com,1985-10-09,true
Sam,Patel,sam.patel@example.com,1991-07-08,true
Sam,Walker,sam.walker338@example.com,1951-05-15,false
Kai,Davies,kai.davies@example.com,1954-07-15,true
Hannah,Begum,hannah.begum@example.com,1965-07-08,true
Callum,Clarke,callum.clarke@example.com,1982-05-10,false
Farah,Rees,farah.rees@example.com,2002-04-11,true
Dev,Hall,dev.hall@example.com,1988-08-18,false
Kiran,Davies,kiran.davies@example.com,1975-02-01,true
Jade,Bennett,jade.bennett@example.com,1971-09-25,true
Sofia,Martin,sofia.martin@example.com,1988-11-20,false
Liam,Clarke,liam.clarke@example.com,2005-07-12,false
Ethan,Williams,ethan.williams@example.com,1952-12-16,false
Sam,Williams,sam.williams349@example.com,1998-03-25,true
Amir,Roberts,amir.roberts@example.com,1973-09-06,true
Ethan,Cooper,ethan.cooper351@example.com,1951-05-25,true
Ben,Lewis,ben.lewis352@example.com,1957-03-22,true
Kiran,Bennett,kiran.bennett@example.com,1997-11-15,true
Ana,Begum,ana.begum@example.com,1953-02-13,true
Jade,Hall,jade.hall@example.com,1976-10-06,true
Daniel,Jones,daniel.jones@example.com,1966-05-02,true
Chloe,Patel,chloe.patel@example.com,1961-03-16,true
Sam,Shah,sam.shah@example.com,1997-06-21,true
Priya,Rees,priya.rees@example.com,1982-02-05,true
Zara,Roberts,zara.roberts360@example.com,1951-04-18,true
Thomas,Harris,thomas.harris@example.com,2005-07-15,true
Isaac,Taylor,isaac.taylor@example.com,1982-07-26,true
Sam,Williams,sam.williams363@example.com,1988-09-03,true
Maya,Davies,maya.davies@example.com,2002-11-21,true
Liam,Evans,liam.evans@example.com,2004-08-16,true
Rhys,Jackson,rhys.jackson@example.com,1958-11-26,false
Zoe,Khan,zoe.khan@example.com,1957-11-22,true
Daniel,Owen,daniel.owen@example.com,2000-12-12,true
Jade,Campbell,jade.campbell369@example.com,1954-07-27,true
Sam,Khan,sam.khan@example.com,1952-12-26,false
Noah,Patel,noah.patel@example.com,1963-11-07,true
Bethany,Campbell,bethany.campbell@example.com,1983-06-02,true
Finn,Shah,finn.shah@example.com,1955-03-18,false
Ana,Taylor,ana.taylor@example.com,1970-09-11,true
Jack,Taylor,jack.taylor@example.com,2003-09-20,true
Bethany,Cooper,bethany.cooper376@example.com,1950-03-04,false
Sofia,Robinson,sofia.robinson@example.com,1992-04-11,false
Ben,Davies,ben.davies@example.com,1976-03-24,true
Liam,Kaur,liam.kaur@example.com,1975-11-03,true
Isaac,Bennett,isaac.bennett380@example.com,1996-11-09,false
Bethany,Thomas,bethany.thomas@example.com,1980-08-02,true
Zara,Davies,zara.davies@example.com,1993-08-21,true
Harry,Edwards,harry.edwards@example.com,1958-08-11,true
Ella,Kaur,ella.kaur@example.com,1969-05-16,false
Harry,Griffiths,harry.griffiths@example.com,1957-10-13,true
Jack,Rees,jack.rees@example.com,1979-12-08,true
Ben,Shah,ben.shah@example.com,2002-10-21,false
Bethany,Brown,bethany.brown@example.com,2002-04-10,false
Alice,Campbell,alice.campbell@example.com,1989-12-19,true
Kai,Bennett,kai.bennett@example.com,1998-06-15,false
Yasmin,Wright,yasmin.wright@example.com,1976-01-15,false
Isaac,Taylor,isaac.taylor392@example.com,2002-09-04,true
Zoe,Wright,zoe.wright393@example.com,1950-10-14,false
Daniel,Hughes,daniel.hughes394@example.com,1974-01-15,true
Yasmin,Evans,yasmin.evans@example.com,1976-08-28,true
Rosie,Bailey,rosie.bailey@example.com,1982-09-26,true
Ella,Jackson,ella.jackson@example.com,1972-11-06,false
Chloe,Davies,chloe.davies@example.com,1974-02-28,true
Niamh,Clarke,niamh.clarke399@example.com,1968-02-05,true
Chloe,Davies,chloe.davies400@example.com,1950-02-14,true
Ethan,Rees,ethan.rees@example.com,1991-01-20,true
Jack,Taylor,jack.taylor402@example.com,1960-07-11,true
Isaac,Evans,isaac.evans@example.com,2005-02-09,true
Kai,Murphy,kai.murphy@example.com,1971-06-16,true
Dev,Clarke,dev.clarke@example.com,1999-01-05,true
Sofia,James,sofia.james406@example.com,1969-04-07,true
Amir,Begum,amir.begum@example.com,1990-04-17,true
Isaac,Smith,isaac.smith@example.com,1957-04-25,true
Ana,Jones,ana.jones409@example.com,1981-01-12,true
Sofia,Watson,sofia.watson410@example.com,1969-09-20,true
Rosie,Walker,rosie.walker@example.com,2004-11-16,true
Mohammed,Bailey,mohammed.bailey@example.com,1995-10-17,true
Jade,Rees,jade.rees@example.com,1989-04-26,true
Priya,Williams,priya.williams@example.com,2004-05-06,true
Rhys,Walker,rhys.walker415@example.com,1953-07-04,true
Sofia,Roberts,sofia.roberts@example.com,1971-11-23,false
Callum,Murphy,callum.murphy@example.com,2004-01-01,true
Thomas,Lewis,thomas.lewis@example.com,1984-09-19,true
Niamh,Thomas,niamh.thomas419@example.com,1961-12-07,true
Amir,Harris,amir.harris420@example.com,1991-08-08,true
Noah,Jackson,noah.jackson@example.com,1989-03-17,true
Chloe,Campbell,chloe.campbell@example.com,1968-05-03,true
Harry,Robinson,harry.robinson@example.com,1950-07-18,true
Bethany,Griffiths,bethany.griffiths@example.com,2004-11-17,true
Callum,Rees,callum.rees@example.com,1984-11-11,true
Priya,Owen,priya.owen@example.com,1979-07-10,true
Amir,Rees,amir.rees@example.com,1960-02-21,true
Ethan,Begum,ethan.begum@example.com,1990-02-12,true
Liam,Kaur,liam.kaur429@example.com,1971-09-20,true
Ethan,Walker,ethan.walker@example.com,1989-12-10,false
Rhys,Hughes,rhys.hughes@example.com,1973-12-25,false
Dev,Rees,dev.rees@example.com,1997-08-04,false
Olivia,Wright,olivia.wright@example.com,1972-07-20,true
Ethan,Edwards,ethan.edwards@example.com,1994-08-23,true
Alice,Harris,alice.harris@example.com,1984-06-12,true
Maya,Price,maya.price@example.com,1996-06-21,false
Ethan,Fletcher,ethan.fletcher@example.com,1951-11-03,false
Mohammed,Morgan,mohammed.morgan@example.com,1994-10-04,true
Ella,Shah,ella.shah@example.com,1979-02-01,true
Noah,Hall,noah.hall@example.com,1969-02-20,true
Oscar,Roberts,oscar.roberts@example.com,1985-07-12,false
Sam,Lewis,sam.lewis@example.com,1987-03-13,false
Daniel,Patel,daniel.patel@example.com,1999-08-13,true
Finn,Rees,finn.rees444@example.com,1992-03-02,false
Grace,Lewis,grace.lewis@example.com,1979-04-12,true
Zara,Jones,zara.jones446@example.com,2003-02-01,true
Ana,Smith,ana.smith@example.com,2001-07-26,true
Finn,Martin,finn.martin448@example.com,1962-10-14,true
Jade,Patel,jade.patel@example.com,1955-03-04,true
Finn,Ahmed,finn.ahmed@example.com,1986-08-28,true
Zoe,Cooper,zoe.cooper451@example.com,1981-12-02,true
Amir,Bailey,amir.bailey@example.com,1963-10-28,false
Niamh,Roberts,niamh.roberts@example.com,1987-11-23,true
Olivia,Davies,olivia.davies@example.com,1954-10-23,true
Ella,Bennett,ella.bennett@example.com,1999-04-18,true
Priya,Kaur,priya.kaur@example.com,1982-04-15,true
Niamh,Hughes,niamh.hughes@example.com,1990-02-23,true
Ben,Smith,ben.smith@example.com,1977-05-16,true
Sam,Evans,sam.evans@example.com,1962-05-22,false
Priya,Brown,priya.brown@example.com,1998-03-04,true
Kai,Begum,kai.begum@example.com,2001-04-19,true
Jack,Cooper,jack.cooper@example.com,2005-01-26,true
Jade,Edwards,jade.edwards@example.com,1968-06-09,true
Ben,Cooper,ben.cooper@example.com,1990-04-17,false
Yasmin,Hughes,yasmin.hughes@example.com,1986-06-19,true
Olivia,Jones,olivia.jones@example.com,1984-02-22,true
Tariq,Wright,tariq.wright467@example.com,1999-09-12,true
Priya,Lewis,priya.lewis468@example.com,1963-02-15,true
Maya,Hall,maya.hall@example.com,2003-02-09,false
Ben,Bailey,ben.bailey@example.com,1984-10-21,true
Rhys,Hughes,rhys.hughes471@example.com,1964-06-01,true
Olivia,Clarke,olivia.clarke@example.com,2004-02-25,true
Finn,Fletcher,finn.fletcher@example.com,1964-11-03,false
Mohammed,Jackson,mohammed.jackson@example.com,1998-10-02,true
Tariq,Clarke,tariq.clarke475@example.com,1952-05-25,false
Kiran,Hall,kiran.hall@example.com,1961-09-10,false
Zara,Campbell,zara.campbell@example.com,1978-01-19,true
Noah,Robinson,noah.robinson@example.com,1973-12-06,true
Ella,Watson,ella.watson@example.com,1983-07-03,false
Thomas,Shah,thomas.shah@example.com,1987-05-10,true
Noah,Brown,noah.brown@example.com,1975-10-11,true
Amir,Edwards,amir.edwards@example.com,1959-10-24,true
Tariq,Lewis,tariq.lewis483@example.com,1984-11-01,true
Zara,Hall,zara.hall@example.com,1960-05-02,true
Rhys,Martin,rhys.martin485@example.com,1993-02-24,true
Kai,Murphy,kai.murphy486@example.com,1978-09-17,true
Thomas,Murphy,thomas.murphy@example.com,1991-12-05,true
Finn,James,finn.james488@example.com,1967-04-28,true
Thomas,Watson,thomas.watson@example.com,1970-01-27,true
Noah,Green,noah.green490@example.com,1956-03-05,true
Kai,Hall,kai.hall@example.com,1969-05-21,false
Ethan,Owen,ethan.owen@example.com,1983-04-24,false
Sam,Martin,sam.martin@example.com,1962-08-05,true
Thomas,James,thomas.james494@example.com,2004-08-19,false
Zoe,Hughes,zoe.hughes@example.com,1978-03-09,true
Amir,Jones,amir.jones@example.com,1951-05-13,true
Isaac,Jackson,isaac.jackson@example.com,1991-12-04,true
Yasmin,James,yasmin.james@example.com,1998-11-11,true
Niamh,Martin,niamh.martin@example.com,2005-05-18,true
